0,1,2,3,4,5,6,7,8,9,10
#,Variável,Nome da varável,Tipo,Alias,Grupo,Min Range,Max Range,Decs,NSA,Ignorado
,,,,,,,,,,
21,UFNOM,Nome da UF,STRING,,,,,,,
22,UFNUM,Codigo da UF,STRING,,,,,,,
31,MESONOM,Nome da Mesorregiao,STRING,,,,,,,
32,MESONUM,Codigo da Mesorregiao,STRING,,,,,,,
41,MICRONOM,Nome da Microrregiao,STRING,,,,,,,
42,MICRONUM,Codigo da Microrregiao,STRING,,,,,,,
51,MUNICNOM,Nome do municipio,STRING,,,,,,,
52,METROP,Codigo da area metropolitana,INTEGER,,,0,11,,0,0
,,Categorías,,,,,,,,
,,0,Nao metropolitana,,,,,,,
,,1,Belem,,,,,,,
,,2,Fortaleza,,,,,,,
,,3,Recife,,,,,,,
,,4,Salvador,,,,,,,
,,5,Belo Horizonte,,,,,,,
,,6,Rio de Janeiro,,,,,,,
,,7,Sao Paulo,,,,,,,
,,8,Curitiba,,,,,,,
,,9,Porto Alegre,,,,,,,
,,10,Brasilia,,,,,,,
,,11,Vitoria,,,,,,,
53,MUNICNUM,Codigo do municipio,STRING,,,,,,,
85,SITSET,Situacao do Setor,INTEGER,,,0,9,,0,0
,,Categorías,,,,,,,,
,,1,Area urbanizada,,,,,,,
,,2,Area nao urbanizada,,,,,,,
,,3,Area urbanizada isolada,,,,,,,
,,4,Aglomerao rural de extensão urbana,,,,,,,
,,5,Aglomerado rural - povoado,,,,,,,
,,6,Aglomerado rural - nucleo,,,,,,,
,,7,Outros aglomerados,,,,,,,
,,8,Area rural (exclusive aglomerado rural),,,,,,,
9,DOMICIL,Domicilio,,,,,,,,
91,AGUA,Abastecimento de agua,INTEGER,,,1,6,,7,7
,,Categorías,,,,,,,,
,,1,Com canalização interna - Rede geral,,,,,,,
,,2,Com canalização interna - Poço ou Nascente,,,,,,,
,,3,Com canalização interna - Outra forma,,,,,,,
,,4,Sem canalização interna - Rede geral,,,,,,,
,,5,Sem canalização interna - Poço ou Nascente,,,,,,,
,,6,Sem canalização interna - Outra forma,,,,,,,
,,7,NSA,,,,,,,
92,ALUGUEFX,Faixa de aluguel,INTEGER,,,0,9,,10,10
,,Categorías,,,,,,,,
,,0,Nao paga,,,,,,,
,,1,"Ate 0,25 salário mínimo",,,,,,,
,,2,"Mais de 0,25 a 0,5 salário mínimo",,,,,,,
,,3,"Mais de 0,5 a 1 salario minimo",,,,,,,
,,4,Mais de 1 a 2 salarios minimos,,,,,,,
,,5,Mais de 2 a 3 salarios minimos,,,,,,,
,,6,Mais de 3 a 4 salarios minimos,,,,,,,
,,7,Mais de 4 a 5 salarios minimos,,,,,,,
,,8,Mais de 5 salarios minimos,,,,,,,
,,9,Sem declaracao,,,,,,,
,,10,NSA,,,,,,,
93,ALUGUEL,Aluguel mensal,INTEGER,,,0,999999,,999998,999999
,,Categorías,,,,,,,,
,,0,Nao paga,,,,,,,
,,999998,NSA,,,,,,,
,,999999,Ignorado,,,,,,,
94,ASPIRPO,Aspirador de po,INTEGER,,,0,1,,2,2
,,Categorías,,,,,,,,
,,0,Nao tem,,,,,,,
,,1,Tem,,,,,,,
,,2,NSA,,,,,,,
95,AUTPART,Automovel particular,INTEGER,,,0,3,,4,4
,,Categorías,,,,,,,,
,,0,Nao tem,,,,,,,
,,1,Um,,,,,,,
,,2,Dois,,,,,,,
,,3,Tres ou mais,,,,,,,
,,4,NSA,,,,,,,
96,AUTTRAB,Automovel para trabalho,INTEGER,,,0,2,,3,3
,,Categorías,,,,,,,,
,,0,Nao tem,,,,,,,
,,1,Proprio,,,,,,,
,,2,Cedido,,,,,,,
,,3,NSA,,,,,,,
97,BANHEIRO,Numero de Banheiros,INTEGER,,,0,5,,6,6
,,Categorías,,,,,,,,
,,0,Nao tem,,,,,,,
,,1,1 banheiro,,,,,,,
,,2,2 banheiros,,,,,,,
,,3,3 banheiros,,,,,,,
,,4,4 banheiros,,,,,,,
,,5,5 ou mais banheiros,,,,,,,
,,6,NSA,,,,,,,
98,CD107,Numero do domic no CD107,INTEGER,,,0,9999,,0,0
99,COBERTUR,Cobertura,INTEGER,,,1,8,,9,9
,,Categorías,,,,,,,,
,,1,Laje concreto,,,,,,,
,,2,Telha de barro,,,,,,,
,,3,Telha de cimento,,,,,,,
,,4,Zinco,,,,,,,
,,5,Madeira,,,,,,,
,,6,Palha,,,,,,,
,,7,Material aproveitado,,,,,,,
,,8,Outro,,,,,,,
,,9,NSA,,,,,,,
9.10,COMBCOZI,Combustivel usado p/ cozinhar,INTEGER,,,0,6,,7,7
,,Categorías,,,,,,,,
,,0,Nao tem fogao,,,,,,,
,,1,Gas canalizado,,,,,,,
,,2,So botijao,,,,,,,
,,3,So lenha,,,,,,,
,,4,Botijao e lenha,,,,,,,
,,5,Carvao,,,,,,,
,,6,Outro,,,,,,,
,,7,NSA,,,,,,,
9.11,COMODOR,Comodos servindo de dormitorio,INTEGER,,,0,8,,9,9
,,Categorías,,,,,,,,
,,0,9 ou mais,,,,,,,
,,9,NSA,,,,,,,
9.12,COMODOS,Total de comodos,INTEGER,,,1,30,,0,0
,,Categorías,,,,,,,,
,,0,NSA,,,,,,,
9.13,CONDOCUP,Condicao de Ocupacao,INTEGER,,,1,6,,7,7
,,Categorías,,,,,,,,
,,1,Proprio a construção e terreno,,,,,,,
,,2,Proprio so a construção,,,,,,,
,,3,Alugado,,,,,,,
,,4,Cedido empregador,,,,,,,
,,5,Cedido particular,,,,,,,
,,6,Outra,,,,,,,
,,7,NSA,,,,,,,
9.14,DEMOCOFX,Faixa densid morador/comodo,INTEGER,,,1,5,,0,0
,,Categorías,,,,,,,,
,,1,"Ate 0,5",,,,,,,
,,2,"Mais de 0,5 a 1",,,,,,,
,,3,"Mais de 1 a 1,5",,,,,,,
,,4,"Mais de 1,5 a 2",,,,,,,
,,5,Mais de 2,,,,,,,
,,0,NSA,,,,,,,
9.15,DEMOCOMO,Densidade morador comodo,REAL,,,0,9999,2,9999,9999
9.16,DEMODOFX,Faixa densid morad/dormitorio,INTEGER,,,1,7,,0,0
,,Categorías,,,,,,,,
,,1,Ate 1,,,,,,,
,,2,"Mais de 1 a 1,5",,,,,,,
,,3,"Mais de 1,5 a 2",,,,,,,
,,4,"Mais de 2 a 2,5",,,,,,,
,,5,"Mais de 2,5 a 3",,,,,,,
,,6,Mais de 3 a 4,,,,,,,
,,7,Mais de 4,,,,,,,
,,0,NSA,,,,,,,
9.17,DEMODORM,Densidade morador dormitorio,REAL,,,0,9999,2,9999,9999
9.18,ESPECIE,Especie do domicilio,INTEGER,,,1,3,,0,0
,,Categorías,,,,,,,,
,,1,Particular - permanente,,,,,,,
,,2,Particular - improvisado,,,,,,,
,,3,Coletivo,,,,,,,
9.19,FILTRO,Filtro de agua,INTEGER,,,0,1,,2,2
,,Categorías,,,,,,,,
,,0,Nao tem,,,,,,,
,,1,Tem,,,,,,,
,,2,NSA,,,,,,,
9.20,FREEZER,Freezer,INTEGER,,,0,1,,2,2
,,Categorías,,,,,,,,
,,0,Nao tem,,,,,,,
,,1,Tem,,,,,,,
,,2,NSA,,,,,,,
9.21,GELADEIR,Geladeira,INTEGER,,,0,2,,3,3
,,Categorías,,,,,,,,
,,0,Nao tem,,,,,,,
,,1,Uma porta,,,,,,,
,,2,Mais de uma porta,,,,,,,
,,3,NSA,,,,,,,
9.22,ILUMINA,Iluminacao,INTEGER,,,1,4,,0,0
,,Categorías,,,,,,,,
,,1,Eletrica com medidor,,,,,,,
,,2,Eletrica sem medidor,,,,,,,
,,3,Oleo ou querosene,,,,,,,
,,4,Outra,,,,,,,
,,0,NSA,,,,,,,
9.23,LIXO,Destino do lixo,INTEGER,,,1,7,,0,0
,,Categorías,,,,,,,,
,,1,Coletado diretamente,,,,,,,
,,2,Coletado indiretamente,,,,,,,
,,3,Queimado,,,,,,,
,,4,Enterrado,,,,,,,
,,5,Jogado em terreno baldio,,,,,,,
,,6,"Jogado em rio, lago, etc.",,,,,,,
,,7,Outro,,,,,,,
,,0,NSA,,,,,,,
9.24,LOCALIZA,Localizacao,INTEGER,,,1,7,,0,0
,,Categorías,,,,,,,,
,,1,Casa isolada ou de condominio,,,,,,,
,,2,Casa em conjunto residencial popular,,,,,,,
,,3,Casa em aglomerado subnormal,,,,,,,
,,4,Apartamento isolado ou de condominio,,,,,,,
,,5,Apartamento em conjunto residencial,,,,,,,
,,6,Apartamento em aglomerado subnormal,,,,,,,
,,7,Comodo,,,,,,,
,,0,NSA,,,,,,,
9.25,MAQLAVAR,Maquina lavar roupa,INTEGER,,,0,1,,2,2
,,Categorías,,,,,,,,
,,0,Nao tem,,,,,,,
,,1,Tem,,,,,,,
,,2,NSA,,,,,,,
9.26,PAREDES,Paredes,INTEGER,,,1,6,,0,0
,,Categorías,,,,,,,,
,,1,Alvenaria,,,,,,,
,,2,Madeira,,,,,,,
,,3,Taipa,,,,,,,
,,4,Material aproveitado,,,,,,,
,,5,Palha,,,,,,,
,,6,Outro,,,,,,,
,,0,NSA,,,,,,,
9.27,PESO,Peso de expansao,REAL,,,0,9999,7,0,0
9.28,RADIO,Radio,INTEGER,,,0,1,,2,2
,,Categorías,,,,,,,,
,,0,Nao tem,,,,,,,
,,1,Tem,,,,,,,
,,2,NSA,,,,,,,
9.29,RDOMICIV,Renda domiciliar,INTEGER,,,0,999999999,,999999998,0
,,Categorías,,,,,,,,
,,999999998,NSA,,,,,,,
,,999999999,Ignorado,,,,,,,
9.30,RDONOMIF,Faixa renda dom nominal,INTEGER,,,1,13,,0,0
,,Categorías,,,,,,,,
,,1,"Ate 0,25 salario minimo",,,,,,,
,,2,"Mais de 0,25 a 0,5 salário mínimo",,,,,,,
,,3,"Mais de 0,5 a 1 salario minimo",,,,,,,
,,4,Mais de 1 a 2 salarios minimos,,,,,,,
,,5,Mais de 2 a 3 salarios minimos,,,,,,,
,,6,Mais de 3 a 5 salarios minimos,,,,,,,
,,7,Mais de 5 a 10 salarios minimos,,,,,,,
,,8,Mais de 10 a 15 salarios minimos,,,,,,,
,,9,Mais de 15 a 20 salarios minimos,,,,,,,
,,10,Mais de 20 a 30 salarios minimos,,,,,,,
,,11,Mais de 30 salarios minimos,,,,,,,
,,12,Sem rendimento,,,,,,,
,,13,Sem declaracao,,,,,,,
,,0,NSA,,,,,,,
9.31,RDOREALF,Faixa renda dom real,INTEGER,,,1,13,,0,0
,,Categorías,,,,,,,,
,,1,"Ate 0,25 salario minimo",,,,,,,
,,2,"Mais de 0,25 a 0,5 salário mínimo",,,,,,,
,,3,"Mais de 0,5 a 1 salario minimo",,,,,,,
,,4,Mais de 1 a 2 salarios minimos,,,,,,,
,,5,Mais de 2 a 3 salarios minimos,,,,,,,
,,6,Mais de 3 a 5 salarios minimos,,,,,,,
,,7,Mais de 5 a 10 salarios minimos,,,,,,,
,,8,Mais de 10 a 15 salarios minimos,,,,,,,
,,9,Mais de 15 a 20 salarios minimos,,,,,,,
,,10,Mais de 20 a 30 salarios minimos,,,,,,,
,,11,Mais de 30 salarios minimos,,,,,,,
,,12,Sem rendimento,,,,,,,
,,13,Sem declaracao,,,,,,,
,,0,NSA,,,,,,,
9.32,SANESCOA,Instalacao Sanit. - Escoadouro,INTEGER,,,0,7,,8,8
,,Categorías,,,,,,,,
,,0,Nao tem,,,,,,,
,,1,Rede geral,,,,,,,
,,2,Fossa ligada a rede,,,,,,,
,,3,Fossa sem escoadoro,,,,,,,
,,4,Fossa rudimentar,,,,,,,
,,5,Vala negra,,,,,,,
,,6,Outro,,,,,,,
,,7,Nao sabe,,,,,,,
,,8,NSA,,,,,,,
9.33,SANUSO,Inst Sanit - Uso,INTEGER,,,0,2,,3,3
,,Categorías,,,,,,,,
,,0,Nao tem,,,,,,,
,,1,So do domicilio,,,,,,,
,,2,Comum a mais de um domicilio,,,,,,,
,,3,NSA,,,,,,,
9.34,TELEFONE,Telefone,INTEGER,,,0,2,,3,3
,,Categorías,,,,,,,,
,,0,Nao tem,,,,,,,
,,1,Uma linha,,,,,,,
,,2,Mais de uma linha,,,,,,,
,,3,NSA,,,,,,,
9.35,TVCORES,Televisao em cores,INTEGER,,,0,3,,4,4
,,Categorías,,,,,,,,
,,0,Nao tem,,,,,,,
,,1,Um aparelho,,,,,,,
,,2,Dois aparelhos,,,,,,,
,,3,Mais de dois,,,,,,,
,,4,NSA,,,,,,,
9.36,TVPRETO,Televisao em preto e branco,INTEGER,,,0,1,,2,2
,,Categorías,,,,,,,,
,,0,Nao tem,,,,,,,
,,1,Tem,,,,,,,
,,2,NSA,,,,,,,
10,FAMILIA,Familia,,,,,,,,
10.1,ESPFAM,Especie de familia,INTEGER,,,1,4,,0,0
,,Categorías,,,,,,,,
,,1,Nuclear,,,,,,,
,,2,Estendida,,,,,,,
,,3,Composta,,,,,,,
,,4,Unipessoal,,,,,,,
10.2,NUMFAM,Familia a que pertence,INTEGER,,,1,7,,0,0
,,Categorías,,,,,,,,
,,1,Unica,,,,,,,
,,2,Domicilio coletivo,,,,,,,
,,3,Primeira familia,,,,,,,
,,4,Segunda familia,,,,,,,
,,5,Terceira familia,,,,,,,
,,6,Quarta familia,,,,,,,
,,7,Quinta familia,,,,,,,
10.3,RFACHCAF,Faixa renda casal nominal,INTEGER,,,1,15,,0,0
,,Categorías,,,,,,,,
,,1,"Ate 0,25 salario minimo",,,,,,,
,,2,"Mais de 0,25 a 0,5 salário mínimo",,,,,,,
,,3,"Mais de 0,5 a 3/4 salário mínimo",,,,,,,
,,4,Mais de 3/4 a 1 salario minimo,,,,,,,
,,5,"Mais de 1 a 1,25 salarios minimos",,,,,,,
,,6,"Mais de 1,25 a 1,5 salarios minimos",,,,,,,
,,7,"Mais de 1,5 a 2 salarios minimos",,,,,,,
,,8,Mais de 2 a 3 salarios minimos,,,,,,,
,,9,Mais de 3 a 5 salarios minimos,,,,,,,
,,10,Mais de 5 a 10 salarios minimos,,,,,,,
,,11,Mais de 10 a 15 salarios minimos,,,,,,,
,,12,Mais de 15 a 20 salarios minimos,,,,,,,
,,13,Mais de 20 salarios minimos,,,,,,,
,,14,Sem rendimento,,,,,,,
,,15,Sem declaracao,,,,,,,
,,0,NSA,,,,,,,
10.4,RFACHCAV,Renda casal,INTEGER,,,0,999999999,,99999998,0
,,Categorías,,,,,,,,
,,99999998,NSA,,,,,,,
,,99999999,Ignorado,,,,,,,
10.5,RFAMILIV,Renda familiar,INTEGER,,,0,999999999,,999999998,0
,,Categorías,,,,,,,,
,,999999998,NSA,,,,,,,
,,999999999,Ignorado,,,,,,,
10.6,RFANOMIF,Faixa renda familiar nominal,INTEGER,,,1,15,,0,0
,,Categorías,,,,,,,,
,,1,"Ate 0,25 salario minimo",,,,,,,
,,2,"Mais de 0,25 a 0,5 salário mínimo",,,,,,,
,,3,"Mais de 0,5 a 3/4 salário mínimo",,,,,,,
,,4,Mais de 3/4 a 1 salario minimo,,,,,,,
,,5,"Mais de 1 a 1,25 salarios minimos",,,,,,,
,,6,"Mais de 1,25 a 1,5 salarios minimos",,,,,,,
,,7,"Mais de 1,5 a 2 salarios minimos",,,,,,,
,,8,Mais de 2 a 3 salarios minimos,,,,,,,
,,9,Mais de 3 a 5 salarios minimos,,,,,,,
,,10,Mais de 5 a 10 salarios minimos,,,,,,,
,,11,Mais de 10 a 15 salarios minimos,,,,,,,
,,12,Mais de 15 a 20 salarios minimos,,,,,,,
,,13,Mais de 20 salarios minimos,,,,,,,
,,14,Sem rendimento,,,,,,,
,,15,Sem declaracao,,,,,,,
,,0,NSA,,,,,,,
10.7,RFAPCAPF,Faixa renda per capita nominal,INTEGER,,,1,14,,0,0
,,Categorías,,,,,,,,
,,1,"Ate 0,125 salrio minimo",,,,,,,
,,2,"Mais de 0,125 a 0,25 salario minimo",,,,,,,
,,3,"Mais de 0,25 a 0,5 salário mínimo",,,,,,,
,,4,"Mais de 0,5 a 0,75 salário mínimo",,,,,,,
,,5,"Mais de 0,75 a 1 salário mínimo",,,,,,,
,,6,"Mais de 1 a 1,25 salarios minimos",,,,,,,
,,7,"Mais de 1,25 a 1,5 salarios minimos",,,,,,,
,,8,"Mais de 1,5 a 2 salarios minimos",,,,,,,
,,9,Mais de 2 a 3 salarios minimos,,,,,,,
,,10,Mais de 3 a 5 salarios minimos,,,,,,,
,,11,Mais de 5 a 10 salarios minimos,,,,,,,
,,12,Mais de 10 salarios minimos,,,,,,,
,,13,Sem rendimento,,,,,,,
,,14,Sem declaracao,,,,,,,
,,0,NSA,,,,,,,
10.8,RFAPCAPV,Renda familiar per capita,REAL,,,0,999999999,2,999999998,0
,,Categorías,,,,,,,,
,,999999998,NSA,,,,,,,
,,999999999,Ignorado,,,,,,,
10.9,RFAREALF,Faixa renda familiar real,INTEGER,,,1,13,,0,0
,,Categorías,,,,,,,,
,,1,"Ate 0,25 salario minimo",,,,,,,
,,2,"Mais de 0,25 a 0,5 salario minimo",,,,,,,
,,3,"Mais de 0,5 a 1 salario minimo",,,,,,,
,,4,Mais de 1 a 2 salarios minimos,,,,,,,
,,5,Mais de 2 a 3 salarios minimos,,,,,,,
,,6,Mais de 3 a 5 salarios minimos,,,,,,,
,,7,Mais de 5 a 10 salarios minimos,,,,,,,
,,8,Mais de 10 a 15 salarios minimos,,,,,,,
,,9,Mais de 15 a 20 salarios minimos,,,,,,,
,,10,Mais de 20 a 30 salarios minimos,,,,,,,
,,11,Mais de 30 salarios minimos,,,,,,,
,,12,Sem rendimento,,,,,,,
,,13,Sem declaracao,,,,,,,
,,0,NSA,,,,,,,
11,PESSOA,Pessoa,,,,,,,,
11.1,APOPENS,Aposentado e/ou pensionista,INTEGER,,,0,3,,4,4
,,Categorías,,,,,,,,
,,0,Não é,,,,,,,
,,1,Aposentado,,,,,,,
,,2,Pensionista,,,,,,,
,,3,Aposentado e pensionista,,,,,,,
,,4,NSA,,,,,,,
11.2,ATIVIDAD,Codigo da Atividade,INTEGER,,,11,903,,0,0
,,Categorías,,,,,,,,
,,801,Organ int rep estr.,,,,,,,
,,901,Outra atividade nao relacionada,,,,,,,
,,902,Atividade mal definida ou não declarada,,,,,,,
,,903,Ignorado,,,,,,,
,,0,NSA,,,,,,,
11.3,ATIVISET,Setor de atividade,INTEGER,,,1,11,,0,0
,,Categorías,,,,,,,,
,,1,"Atividades Agropecuarias,extração vegetal e pesca",,,,,,,
,,2,Industria de Transformação,,,,,,,
,,3,Industria da Construcao,,,,,,,
,,4,Outras Atividades industriais,,,,,,,
,,5,Comercio de mercadorias,,,,,,,
,,6,Transp.e comunicacao,,,,,,,
,,7,Servilço auxiliar da atividade economica,,,,,,,
,,8,Prestação de servicos,,,,,,,
,,9,"Social (comunitárias, médicas, odontológicas e ensino)",,,,,,,
,,10,Administração publica,,,,,,,
,,11,Outras,,,,,,,
,,0,NSA,,,,,,,
11.4,CARTASS,Tem carteira trab. assinada,INTEGER,,,1,4,,0,0
,,Categorías,,,,,,,,
,,1,Sim,,,,,,,
,,2,Nao sabe,,,,,,,
,,3,Nao tem,,,,,,,
,,4,Nao empregado,,,,,,,
,,0,NSA,,,,,,,
11.5,CONPREV,Contribuinte previdencia,INTEGER,,,1,3,,0,0
,,Categorías,,,,,,,,
,,1,Sim,,,,,,,
,,2,Nao sabe,,,,,,,
,,3,Nao,,,,,,,
,,0,NSA,,,,,,,
11.6,DEFICIE,Deficiencia,INTEGER,,,0,9,,9,9
,,Categorías,,,,,,,,
,,0,Nehuma enumerada,,,,,,,
,,1,Cegueira,,,,,,,
,,2,Surdez,,,,,,,
,,3,Paralisia de um dos lados,,,,,,,
,,4,Paralisia das pernas,,,,,,,
,,5,Paralisia total,,,,,,,
,,6,Falta de membro(s) ou parte deles,,,,,,,
,,7,Deficiencia mental,,,,,,,
,,8,Mais de uma,,,,,,,
,,9,Ignorado,,,,,,,
11.7,EDANOEST,Anos de estudo,INTEGER,,,0,30,,31,31
,,Categorías,,,,,,,,
,,0,Sem instrucao,,,,,,,
,,17,17 ou mais anos,,,,,,,
,,20,Nao determinado,,,,,,,
,,30,Alfabetização de adultos,,,,,,,
,,31,NSA,,,,,,,
11.8,EDCURSNS,Curso nao seriado,INTEGER,,,0,6,,7,7
,,Categorías,,,,,,,,
,,0,Nenhum,,,,,,,
,,1,Pre-escolar,,,,,,,
,,2,Alfabetização de Adultos,,,,,,,
,,3,Supletivo Primeiro Grau,,,,,,,
,,4,Supletivo Segundo Grau,,,,,,,
,,5,Pre-Vestibular,,,,,,,
,,6,Mestrado ou Doutorado,,,,,,,
,,7,NSA,,,,,,,
11.9,EDCURSO,Curso concluido,INTEGER,,,0,97,,99,99
,,Categorías,,,,,,,,
,,0,Nenhum curso,,,,,,,
,,1,Primario ou Elementar (Ensino Geral),,,,,,,
,,2,Primario ou Elementar (Ensino Especial),,,,,,,
,,3,Primario ou Elementar (Agricola),,,,,,,
,,4,Primario ou Elementar (Admistração),,,,,,,
,,5,Primario ou Elementar (Industrial),,,,,,,
,,6,Primario ou Elementar (Saúde),,,,,,,
,,7,Primario ou Elementar (Militar),,,,,,,
,,8,Primario ou Elementar (Outros),,,,,,,
,,10,Ensino Geral - 1ºGrau,,,,,,,
,,11,Educação Especial - 1ºGrau,,,,,,,
,,12,Agricola - 1ºGrau,,,,,,,
,,13,Administração - 1ºgrau,,,,,,,
,,14,Contabilidade - 1ºGrau,,,,,,,
,,15,Outros - 1ºGrau - Comercial,,,,,,,
,,16,Eletrotécnica ou Eletronica - 1ºGrau,,,,,,,
,,17,Mecanica - 1ºGrau,,,,,,,
,,18,Outro - 1ºGrau Industrial,,,,,,,
,,19,Enfermagem - 1ºGrau,,,,,,,
,,20,Outros - 1ºGrau - Saude,,,,,,,
,,21,Militar - 1ºGrau,,,,,,,
,,22,Normal - 1ºGrau,,,,,,,
,,23,Outros - 1ºGrau,,,,,,,
,,24,Ensino Geral - 2ºGrau,,,,,,,
,,25,Educação Especial - 2ºGrau,,,,,,,
,,26,Agricola - 2ºGrau,,,,,,,
,,27,Administração - 2ºGrau,,,,,,,
,,28,Contabilidade - 2ºGrau,,,,,,,
,,29,Estatistica - 2ºGrau,,,,,,,
,,30,Secretariado - 2ºGrau,,,,,,,
,,31,Outros - 2ºGrau - Comercial,,,,,,,
,,32,Desenho - 2ºGrau,,,,,,,
,,33,Eletrotecnica ou Eletronica - 2ºGrau,,,,,,,
,,34,Mecanica  -2ºGrau,,,,,,,
,,35,Quimica - 2ºGrau,,,,,,,
,,36,Outros - 2ºGrau - Industrial,,,,,,,
,,37,Emfermagem - 2ºGrau,,,,,,,
,,38,Laboratorista de analise clinica - 2ºGrau,,,,,,,
,,39,Outros - 2ºGrau - Saude,,,,,,,
,,40,Militar - 2ºGrau,,,,,,,
,,41,Normal - 2ºGrau,,,,,,,
,,42,Outros - 2ºGrau,,,,,,,
,,43,Biologia,,,,,,,
,,44,Educacao Fisica,,,,,,,
,,45,Enfermagem,,,,,,,
,,46,Farmacia,,,,,,,
,,47,Medicina,,,,,,,
,,48,Odontologia,,,,,,,
,,49,Outros da Biologia,,,,,,,
,,50,Arquitetura e Urbanismo,,,,,,,
,,51,Ciencias Exatas,,,,,,,
,,52,Ciencia da Computacao,,,,,,,
,,53,Engenharia Civil,,,,,,,
,,54,Engenharia Eletrica e Eletronica,,,,,,,
,,55,Engenharia Mecanica,,,,,,,
,,56,Engenharia Quimica e Quimica Industrial,,,,,,,
,,57,Engenharia nao classificada ou mal definida,,,,,,,
,,58,Estatistica,,,,,,,
,,59,Fisica,,,,,,,
,,60,Geologia,,,,,,,
,,61,Matematica,,,,,,,
,,62,Quimica,,,,,,,
,,63,Outros da Tecnologia,,,,,,,
,,64,Agronomia,,,,,,,
,,65,Medicina Veterinaria,,,,,,,
,,66,Outros Agrarios,,,,,,,
,,67,Administracao,,,,,,,
,,68,Biblioteconomia,,,,,,,
,,69,Ciencias Contabeis e Atuarias,,,,,,,
,,70,Ciencias Economicas,,,,,,,
,,71,Ciencias e Estudos Sociais,,,,,,,
,,72,Comunicacao Social,,,,,,,
,,73,Direito,,,,,,,
,,74,Filosofia,,,,,,,
,,75,Geografia,,,,,,,
,,76,Historia,,,,,,,
,,77,Pedagogia,,,,,,,
,,78,Psicologia,,,,,,,
,,79,Servico Social,,,,,,,
,,80,Teologia,,,,,,,
,,81,Outros de Humanas,,,,,,,
,,82,Letras,,,,,,,
,,83,Artes,,,,,,,
,,84,Defesa Nacional (militar),,,,,,,
,,85,Outros cursosde grau superior,,,,,,,
,,86,Mestrado ou Doutorado - Medicina,,,,,,,
,,87,Mestrado ou doutorado - Outro (Biologia),,,,,,,
,,88,Mestrado ou doutorado - Engenharia,,,,,,,
,,89,Mestrado ou doutorado - Outros (Ciencias Teclogicas),,,,,,,
,,90,Mestrado ou doutorado - Ciencias Agrarias,,,,,,,
,,91,Mestrado ou doutorado - Administração,,,,,,,
,,92,"Mestrado ou doutorado - Ciencias Economicas, Contsbeis, etc.",,,,,,,
,,93,Mestrado ou doutorado - Direito,,,,,,,
,,94,Mestrado ou doutorado - Pedagogia,,,,,,,
,,95,Mestrado ou doutorado - Outros (Ciencias Humanas e Sociais),,,,,,,
,,96,Mestrado ou doutorado - Letras e Artes,,,,,,,
,,97,Mestrado ou doutorado - (Área não especificada),,,,,,,
,,99,NSA,,,,,,,
11.10,EDGRAU,Grau que frequenta,,,,0,5,,6,6
,,Categorías,,,,,,,,
,,0,Nenhum,,,,,,,
,,1,Primeiro grau,,,,,,,
,,2,Segundo grau,,,,,,,
,,3,Superior,,,,,,,
,,4,Supletivo - Primeiro grau,,,,,,,
,,5,Supletivo - Segundo grau,,,,,,,
,,6,NSA,,,,,,,
11.11,EDSABELE,Sabe ler escrever,INTEGER,,,1,2,,0,0
,,Categorías,,,,,,,,
,,1,Ler e escrever,,,,,,,
,,2,Nao sabe,,,,,,,
,,0,NSA,,,,,,,
11.12,EDSERIE,Serie que frequenta,INTEGER,,,0,8,,9,9
,,Categorías,,,,,,,,
,,0,Nenhuma,,,,,,,
,,1,Primeira serie,,,,,,,
,,2,Segunda serie,,,,,,,
,,3,Terceira serie,,,,,,,
,,4,Quarta serie,,,,,,,
,,5,Quinta serie,,,,,,,
,,6,Sexta serie,,,,,,,
,,7,Setima serie,,,,,,,
,,8,Oitava serie,,,,,,,
,,9,NSA,,,,,,,
11.13,EDULGRAU,Grau da ultima serie,INTEGER,,,0,8,,9,9
,,Categorías,,,,,,,,
,,0,Nenhum,,,,,,,
,,1,Curso de Alfabetização de adultos,,,,,,,
,,2,Primario ou elementar,,,,,,,
,,3,Ginasial ou Medio 1ºciclo,,,,,,,
,,4,Primeiro grau,,,,,,,
,,5,Segundo grau,,,,,,,
,,6,Colegial Medio 2ºciclo,,,,,,,
,,7,Superior,,,,,,,
,,8,Mestrado ou Doutorado,,,,,,,
,,9,NSA,,,,,,,
11.14,EDULSERI,Ultima serie concluida,INTEGER,,,0,9,,10,10
,,Categorías,,,,,,,,
,,0,Nenhuma,,,,,,,
,,1,Primeira serie,,,,,,,
,,2,Segunda serie,,,,,,,
,,3,Terceira serie,,,,,,,
,,4,Quarta serie,,,,,,,
,,5,Quinta serie,,,,,,,
,,6,Sexta serie,,,,,,,
,,7,Setima serie,,,,,,,
,,8,Oitava serie,,,,,,,
,,9,Nunca frequentou,,,,,,,
,,10,NSA,,,,,,,
11.15,EMPESTB,Num. empregados estabelecimento,INTEGER,,,1,8,,0,0
,,Categorías,,,,,,,,
,,1,Um ou dois,,,,,,,
,,2,Tres ou quatro,,,,,,,
,,3,Cinco a nove,,,,,,,
,,4,Dez ou mais,,,,,,,
,,5,Trabalha sozinho,,,,,,,
,,6,Com socio ou não remunerado,,,,,,,
,,7,Afazeres domesticos,,,,,,,
,,8,Nao sabe,,,,,,,
,,0,NSA,,,,,,,
11.16,FLDOMICH,Filhos moram domicilio - homem,INTEGER,,,0,99,,100,100
,,Categorías,,,,,,,,
,,0,Nenhum,,,,,,,
,,70,Nao tem,,,,,,,
,,99,Ignorado,,,,,,,
,,100,NSA,,,,,,,
11.17,FLDOMICM,Filhas moram domicilio -mulher,INTEGER,,,0,99,,100,100
,,Categorías,,,,,,,,
,,0,Nenhuma,,,,,,,
,,99,Ignorado,,,,,,,
,,100,NSA,,,,,,,
11.18,FLMORTOH,Filhos mortos - homem,INTEGER,,,0,99,,100,100
,,Categorías,,,,,,,,
,,0,Nenhum,,,,,,,
,,70,Nao tem,,,,,,,
,,80,Nao sabe,,,,,,,
,,99,Ignorado,,,,,,,
,,100,NSA,,,,,,,
11.19,FLMORTOM,Filhas mortas - mulher,INTEGER,,,0,99,,100,100
,,Categorías,,,,,,,,
,,0,Nenhuma,,,,,,,
,,99,Ignorado,,,,,,,
,,100,NSA,,,,,,,
11.20,FLNAMORH,Filhos nascidos mortos - homem,INTEGER,,,0,99,,100,100
,,Categorías,,,,,,,,
,,0,Nenhum,,,,,,,
,,70,Nao teve,,,,,,,
,,80,Nao sabe,,,,,,,
,,99,Ignorado,,,,,,,
,,100,NSA,,,,,,,
11.21,FLNAMORM,Filhas nascidas mortas - mulher,INTEGER,,,0,99,,100,100
,,Categorías,,,,,,,,
,,0,Nenhuma,,,,,,,
,,99,Ignorado,,,,,,,
,,100,NSA,,,,,,,
11.22,FLNAMORT,Total filhos nascidos mortos,INTEGER,,,0,99,,100,100
,,Categorías,,,,,,,,
,,99,Nao sabe ou ignorado,,,,,,,
,,100,NSA,,,,,,,
11.23,FLNAODOH,Filhos nao moram domicilio,INTEGER,,,0,99,,100,100
,,Categorías,,,,,,,,
,,0,Nenhum,,,,,,,
,,70,Nao tem,,,,,,,
,,80,Nao sabe,,,,,,,
,,99,Ignorado,,,,,,,
,,100,NSA,,,,,,,
11.24,FLNAODOM,Filhas nao moram domicilio,INTEGER,,,0,99,,100,100
,,Categorías,,,,,,,,
,,0,Nenhuma,,,,,,,
,,99,Ignorado,,,,,,,
,,100,NSA,,,,,,,
11.25,FLNAVIVH,Filhos nascidos vivos - homem,INTEGER,,,0,99,,100,100
,,Categorías,,,,,,,,
,,0,Nenhum,,,,,,,
,,99,Nao sabe ou ignorado,,,,,,,
,,100,NSA,,,,,,,
11.26,FLNAVIVM,Filhas nascidas vivas - mulher,INTEGER,,,0,99,,100,100
,,Categorías,,,,,,,,
,,0,Nenhuma,,,,,,,
,,99,Nao sabe ou ignorado,,,,,,,
,,100,NSA,,,,,,,
11.27,FLNAVIVT,Total filhos nascidos vivos,INTEGER,,,0,99,,100,100
,,Categorías,,,,,,,,
,,99,Nao sabe ou ignorado,,,,,,,
,,100,NSA,,,,,,,
11.28,FLTIDOSH,Filhos tidos - homem,INTEGER,,,0,99,,100,100
,,Categorías,,,,,,,,
,,0,Nenhum,,,,,,,
,,99,Nao sabe ou ignorado,,,,,,,
,,100,NSA,,,,,,,
11.29,FLTIDOSM,Filhas tidas - mulher,INTEGER,,,0,99,,100,100
,,Categorías,,,,,,,,
,,0,Nenhuma,,,,,,,
,,99,Nao sabe ou ignorado,,,,,,,
,,0,NSA,,,,,,,
11.30,FLTIDOST,Total filhos tidos,INTEGER,,,0,99,,100,100
,,Categorías,,,,,,,,
,,99,Nao sabe ou ignorado,,,,,,,
,,100,NSA,,,,,,,
11.31,FLVIVOSH,Filhos vivos - homem,INTEGER,,,0,99,,100,100
,,Categorías,,,,,,,,
,,0,Nenhum,,,,,,,
,,99,Nao sabe ou ignorado,,,,,,,
,,100,NSA,,,,,,,
11.32,FLVIVOSM,Filhas vivas - mulher,INTEGER,,,0,99,,100,100
,,Categorías,,,,,,,,
,,0,Nenhuma,,,,,,,
,,99,Nao sabe ou ignorado,,,,,,,
,,100,NSA,,,,,,,
11.33,FLVIVOST,Total filhos vivos,INTEGER,,,0,99,,100,100
,,Categorías,,,,,,,,
,,0,Nenhum,,,,,,,
,,99,Nao sabe ou ignorado,,,,,,,
,,100,NSA,,,,,,,
11.34,HOROUTR,Horas trabalhadas em outras ocupacões,INTEGER,,,0,70,,99,99
,,Categorías,,,,,,,,
,,0,Nao tem outras ocupações,,,,,,,
,,99,NSA,,,,,,,
11.35,HORTRAB,Horas trabalhadas ocupacao Q346,INTEGER,,,1,98,,99,99
,,Categorías,,,,,,,,
,,99,NSA,,,,,,,
11.36,IDADEANO,Idade em anos,INTEGER,,,0,130,,0,0
11.37,IDADEMES,Idade em meses,INTEGER,,,0,11,,12,12
,,Categorías,,,,,,,,
,,0,Menos que 1 mes,,,,,,,
,,12,Idade em anos,,,,,,,
11.38,IDADETIP,Tipo de idade,INTEGER,,,1,2,,0,0
,,Categorías,,,,,,,,
,,1,Presumida,,,,,,,
,,2,Declarada,,,,,,,
11.39,LOCTRAB,Local de trabalho,INTEGER,,,1,8,,9,9
,,Categorías,,,,,,,,
,,1,No domicilio sem local exclusivo,,,,,,,
,,2,No domicilio com local exclusivo,,,,,,,
,,3,Via publica com equipamento pesado,,,,,,,
,,4,Via publica com equipamento leve,,,,,,,
,,5,Propriedade agropecuaria,,,,,,,
,,6,Empresa ou firma,,,,,,,
,,7,Em casa do cliente ou do patrao,,,,,,,
,,8,Outro,,,,,,,
,,9,NSA,,,,,,,
11.40,MIANMOMU,Anos que mora no municipio,INTEGER,,,0,98,,99,99
,,Categorías,,,,,,,,
,,0,Menos de 1 ano,,,,,,,
,,98,98 anos,,,,,,,
,,99,NSA,,,,,,,
11.41,MIANMOUF,Anos que mora na UF,INTEGER,,,0,98,,99,99
,,Categorías,,,,,,,,
,,0,Menos de 1 ano,,,,,,,
,,98,98 anos,,,,,,,
,,99,NSA,,,,,,,
11.42,MIANORES,Ano fixou residencia,INTEGER,,,0,91,,99,99
,,Categorías,,,,,,,,
,,0,Brasileiro e estr<1,,,,,,,
,,99,NSA,,,,,,,
11.43,MIANTEMU,Municipio moradia anterior,INTEGER,,,0,9999,,9999,9999
,,Categorías,,,,,,,,
,,9999,NSA,,,,,,,
11.44,MIANTEUF,Lugar de moradia anterior,INTEGER,,,11,99,,0,0
,,Categorías,,,,,,,,
,,11,RO,,,,,,,
,,12,AC,,,,,,,
,,13,AM,,,,,,,
,,14,RR,,,,,,,
,,15,PA,,,,,,,
,,16,AP,,,,,,,
,,17,TO,,,,,,,
,,21,MA,,,,,,,
,,22,PI,,,,,,,
,,23,CE,,,,,,,
,,24,RN,,,,,,,
,,25,PB,,,,,,,
,,26,PE,,,,,,,
,,27,AL,,,,,,,
,,28,SE,,,,,,,
,,29,BA,,,,,,,
,,31,MG,,,,,,,
,,32,ES,,,,,,,
,,33,RJ,,,,,,,
,,35,SP,,,,,,,
,,41,PR,,,,,,,
,,42,SC,,,,,,,
,,43,RS,,,,,,,
,,50,MS,,,,,,,
,,51,MT,,,,,,,
,,52,GO,,,,,,,
,,53,DF,,,,,,,
,,54,Brasil nao especificado,,,,,,,
,,80,Pais estrangeiro ou mal definido,,,,,,,
,,99,Ignorado,,,,,,,
,,0,NSA,,,,,,,
11.45,MIANTEZN,Zona moradia anterior,INTEGER,,,1,9,,0,0
,,Categorías,,,,,,,,
,,1,Urbana,,,,,,,
,,2,Rural,,,,,,,
,,9,Ignorada,,,,,,,
,,0,NSA,,,,,,,
11.46,MIMO86MU,Municipio moradia em 86,INTEGER,,,0,9999,,9999,9999
,,Categorías,,,,,,,,
,,9999,NSA,,,,,,,
11.47,MIMO86UF,Lugar de moradia em 01/09/86,INTEGER,,,11,99,,0,0
,,Categorías,,,,,,,,
,,11,RO,,,,,,,
,,12,AC,,,,,,,
,,13,AM,,,,,,,
,,14,RR,,,,,,,
,,15,PA,,,,,,,
,,16,AP,,,,,,,
,,17,TO,,,,,,,
,,21,MA,,,,,,,
,,22,PI,,,,,,,
,,23,CE,,,,,,,
,,24,RN,,,,,,,
,,25,PB,,,,,,,
,,26,PE,,,,,,,
,,27,AL,,,,,,,
,,28,SE,,,,,,,
,,29,BA,,,,,,,
,,31,MG,,,,,,,
,,32,ES,,,,,,,
,,33,RJ,,,,,,,
,,35,SP,,,,,,,
,,41,PR,,,,,,,
,,42,SC,,,,,,,
,,43,RS,,,,,,,
,,50,MS,,,,,,,
,,51,MT,,,,,,,
,,52,GO,,,,,,,
,,53,DF,,,,,,,
,,54,Brasil nao especificado,,,,,,,
,,70,Neste municipio,,,,,,,
,,80,Pais estrangeiro ou mal definido,,,,,,,
,,99,Ignorado,,,,,,,
,,0,NSA,,,,,,,
11.48,MIMO86ZN,Zona de moradia em 86,INTEGER,,,1,9,,0,0
,,Categorías,,,,,,,,
,,1,Urbana,,,,,,,
,,2,Rural,,,,,,,
,,9,Ignorada,,,,,,,
,,0,NSA,,,,,,,
11.49,MIMUMOZN,Zona que morou neste municipio,INTEGER,,,1,3,,0,0
,,Categorías,,,,,,,,
,,1,So urbana,,,,,,,
,,2,So rural,,,,,,,
,,3,Urbana e rural,,,,,,,
11.50,MINACION,Nacionalidade,INTEGER,,,1,3,,0,0
,,Categorías,,,,,,,,
,,1,Brasileiro nato,,,,,,,
,,2,Naturalizado brasileiro,,,,,,,
,,3,Estrangeiro,,,,,,,
,,0,NSA,,,,,,,
11.51,MINASCMU,Nasceu neste municipio,INTEGER,,,1,3,,0,0
,,Categorías,,,,,,,,
,,1,Sempre morou,,,,,,,
,,2,Morou em outro,,,,,,,
,,3,Nao nasceu,,,,,,,
11.52,MIUFPAIS,UF/Pais de nascimento,INTEGER,,,1,99,,0,0
,,Categorías,,,,,,,,
,,1,RO,,,,,,,
,,2,AC,,,,,,,
,,3,AM,,,,,,,
,,4,RR,,,,,,,
,,5,PA,,,,,,,
,,6,AP,,,,,,,
,,7,TO,,,,,,,
,,8,MA,,,,,,,
,,9,PI,,,,,,,
,,10,CE,,,,,,,
,,11,RN,,,,,,,
,,12,PB,,,,,,,
,,13,PE,,,,,,,
,,14,AL,,,,,,,
,,15,SE,,,,,,,
,,16,SE,,,,,,,
,,17,MG,,,,,,,
,,18,ES,,,,,,,
,,19,RJ,,,,,,,
,,20,SP,,,,,,,
,,21,PR,,,,,,,
,,22,SC,,,,,,,
,,23,RS,,,,,,,
,,24,MS,,,,,,,
,,25,MT,,,,,,,
,,26,GO,,,,,,,
,,27,DF,,,,,,,
,,29,Brasil sem especificação,,,,,,,
,,30,Argentina,,,,,,,
,,31,Bolivia,,,,,,,
,,32,Canada,,,,,,,
,,33,Chile,,,,,,,
,,34,Colombia,,,,,,,
,,35,Costa Rica,,,,,,,
,,36,Cuba,,,,,,,
,,37,Equador,,,,,,,
,,38,Estados Unidos,,,,,,,
,,39,Guatemala,,,,,,,
,,40,Guiana Inglesa,,,,,,,
,,41,Guiana Francesa,,,,,,,
,,42,Haiti,,,,,,,
,,43,Honduras,,,,,,,
,,44,Belize,,,,,,,
,,45,Jamaica,,,,,,,
,,46,Mexico,,,,,,,
,,47,Nicaragua,,,,,,,
,,49,Paraguai,,,,,,,
,,50,Peru,,,,,,,
,,51,Republica Dominicana,,,,,,,
,,52,El Salvador,,,,,,,
,,53,Suriname,,,,,,,
,,54,Uruguai,,,,,,,
,,55,Venezuela,,,,,,,
,,56,Outros America,,,,,,,
,,58,Alemanha,,,,,,,
,,59,Austria,,,,,,,
,,60,Belgica,,,,,,,
,,61,Bulgaria,,,,,,,
,,62,Dinamarca,,,,,,,
,,63,Eespanha,,,,,,,
,,64,Finlandia,,,,,,,
,,65,Franca,,,,,,,
,,66,Gra Bretanha,,,,,,,
,,67,Grecia,,,,,,,
,,68,Holanda,,,,,,,
,,69,Hungria,,,,,,,
,,70,Irlanda,,,,,,,
,,71,Italia,,,,,,,
,,72,Iugoslavia,,,,,,,
,,73,Noruega,,,,,,,
,,74,Polonia,,,,,,,
,,75,Portugal,,,,,,,
,,76,Romenia,,,,,,,
,,77,Suecia,,,,,,,
,,78,Suica,,,,,,,
,,79,Tchecoslovaquia,,,,,,,
,,80,U.R.S.S.,,,,,,,
,,81,Outros Europa,,,,,,,
,,82,Angola,,,,,,,
,,83,Egito,,,,,,,
,,84,Mocambique,,,,,,,
,,85,Outros Africa,,,,,,,
,,86,China Continental,,,,,,,
,,87,China Formosa,,,,,,,
,,88,Coreia,,,,,,,
,,89,India,,,,,,,
,,90,Israel,,,,,,,
,,91,Japao,,,,,,,
,,92,Libano,,,,,,,
,,93,Paquistao,,,,,,,
,,94,Siria,,,,,,,
,,95,Turquia,,,,,,,
,,96,Outros Asia,,,,,,,
,,97,Australia,,,,,,,
,,98,Outros Oceania,,,,,,,
,,99,Estrangeiro nao especificado,,,,,,,
,,100,NSA,,,,,,,
11.53,MIULTMUD,Ultima mudanca,INTEGER,,,0,98,,98,98
,,Categorías,,,,,,,,
,,0,Menos de 1 ano,,,,,,,
,,98,Nunca mudou,,,,,,,
11.54,NORDMAE,Numero de ordem da mae,INTEGER,,,1,99,,0,0
,,Categorías,,,,,,,,
,,70,Viva nao reside,,,,,,,
,,80,Falecida,,,,,,,
,,90,Nao sabe,,,,,,,
,,99,Ignorado,,,,,,,
11.55,OCUPACAO,Ocupacao principal,INTEGER,,,1,928,,0,928
,,Categorías,,,,,,,,
,,927,Mal definida,,,,,,,
,,928,Ignorado,,,,,,,
,,0,NSA,,,,,,,
11.56,OCUPAGRP,Grupo ocupacao principal,INTEGER,,,1,10,,0,0
,,Categorías,,,,,,,,
,,1,Administrativas,,,,,,,
,,2,"Tecnicas, Cientificas, Artisticas e Assemlhadas",,,,,,,
,,3,Agropecuaria e da Produção Extrativa Vegetal e Animal,,,,,,,
,,4,Producao Extrativa Mineral,,,,,,,
,,5,Industria de Transfoemação e Construção Civil,,,,,,,
,,6,Comercio e Atividades Auxiliares,,,,,,,
,,7,Transporte e Comunicações,,,,,,,
,,8,Prestacao de Servicos,,,,,,,
,,9,Defesa Nacional e Segurança Publica,,,,,,,
,,10,"Outras Ocupações, ocupações mal definidas ou não declaradas",,,,,,,
,,0,NSA,,,,,,,
11.57,PARENDOM,Parentesco com o do chefe domicilio,INTEGER,,,1,20,,0,0
,,Categorías,,,,,,,,
,,1,Chefe,,,,,,,
,,2,Conjuge,,,,,,,
,,3,Filho(a),,,,,,,
,,4,Enteado(a),,,,,,,
,,5,Pai ou Mae,,,,,,,
,,6,Sogro(a),,,,,,,
,,7,Avo ou Bisavo,,,,,,,
,,8,Neto(a) Bisneto(a),,,,,,,
,,9,Genro ou Nora,,,,,,,
,,10,Irma(o),,,,,,,
,,11,Cunhado(a),,,,,,,
,,12,Outros Parentes,,,,,,,
,,13,Agregado(a),,,,,,,
,,14,Pensionista,,,,,,,
,,15,Empregado domestico,,,,,,,
,,16,Parente do empregado domestico,,,,,,,
,,20,Individual,,,,,,,
11.58,PARENFAM,Parentesco com o chefe da familia,INTEGER,,,1,20,,0,0
,,Categorías,,,,,,,,
,,1,Chefe,,,,,,,
,,2,Conjuge,,,,,,,
,,3,Filho(a),,,,,,,
,,4,Enteado(a),,,,,,,
,,5,Pai ou Mae,,,,,,,
,,6,Sogro(a),,,,,,,
,,7,Avo ou Bisavo,,,,,,,
,,8,Neto(a) Bisneto(a),,,,,,,
,,9,Genro ou Nora,,,,,,,
,,10,Irma(o),,,,,,,
,,11,Cunhado(a),,,,,,,
,,12,Outro Parente,,,,,,,
,,13,Agregado(a),,,,,,,
,,14,Pensionista,,,,,,,
,,15,Empregado domestico,,,,,,,
,,20,Individual,,,,,,,
11.59,PESSOAN,Numero de ordem,INTEGER,,,1,99,,0,0
11.60,POSOCUP,Posicao da ocupacao,INTEGER,,,1,11,,0,0
,,Categorías,,,,,,,,
,,1,Trabalhador agricola volante,,,,,,,
,,2,Parceiro ou Meeiro - Empregado,,,,,,,
,,3,Parceiro ou Meeiro - Autonomo ou conta propria,,,,,,,
,,4,Trabalhador Domestico - Empregado,,,,,,,
,,5,Trabalhador Domestico - Autonomo ou Conta propria,,,,,,,
,,6,Empregado do setor privado,,,,,,,
,,7,Empregado do Setor Publico - Servidor Publico,,,,,,,
,,8,Empregado do Setor Publico - Empresa Estatal,,,,,,,
,,9,Autonomo ou Conta propria,,,,,,,
,,10,Empregador,,,,,,,
,,11,Sem remuneracao,,,,,,,
,,0,NSA,,,,,,,
11.61,RACACOR,Raca ou cor,INTEGER,,,1,9,,9,9
,,Categorías,,,,,,,,
,,1,Branca,,,,,,,
,,2,Preta,,,,,,,
,,3,Amarela,,,,,,,
,,4,Parda,,,,,,,
,,5,Indigena,,,,,,,
,,9,Ignorada,,,,,,,
11.62,RAPOSENF,Faixa de rend aposent/pensionista,INTEGER,,,1,15,,0,0
,,Categorías,,,,,,,,
,,1,"Ate 0,25 salario minimo",,,,,,,
,,2,"Mais de 0,25 a 0,5 salario minimo",,,,,,,
,,3,"Mais de 0,5 a 0,75 salário mínimo",,,,,,,
,,4,"Mais de 0,75 a 1 salário mínimo",,,,,,,
,,5,"Mais de 1 a 1,25 salarios minimos",,,,,,,
,,6,"Mais de 1,25 a 1,5 salarios minimos",,,,,,,
,,7,"Mais de 1,5 a 2 salarios minimos",,,,,,,
,,8,Mais de 2 a 3 salarios minimos,,,,,,,
,,9,Mais de 3 a 5 salarios minimos,,,,,,,
,,10,Mais de 5 a 10 salarios minimos,,,,,,,
,,11,Mais de 10 a 15 salarios minimos,,,,,,,
,,12,Mais de 15 a 20 salarios minimos,,,,,,,
,,13,Mais de +20 salarios minimos,,,,,,,
,,14,Sem rendimento,,,,,,,
,,15,Sem declaracao,,,,,,,
,,0,NSA,,,,,,,
11.63,RAPOSENV,Valor rend aposent/pensionista,INTEGER,,,0,9999999,,9999998,0
,,Categorías,,,,,,,,
,,9999998,NSA,,,,,,,
,,9999999,Ignorado,,,,,,,
11.64,RELIGIAO,Codigo da religiao,INTEGER,,,0,99,,0,0
,,Categorías,,,,,,,,
,,0,Sem religiao,,,,,,,
,,11,Catolica Apostolica Romana,,,,,,,
,,12,Catolica Apostolica Brasileira,,,,,,,
,,13,Catolica Ortodoxa,,,,,,,
,,21,Evangelica Tradiconal Luterana,,,,,,,
,,22,Evangelica Tradiconal Prebisteriana,,,,,,,
,,23,Evangelica Tradiconal Metodista,,,,,,,
,,24,Evangelica Tradiconal Batista,,,,,,,
,,25,Evangelica Tradiconal Congregacional,,,,,,,
,,26,Evangelica Tradiconal Adventista,,,,,,,
,,27,Evangelica Tradiconal Episcopal Anglicana,,,,,,,
,,28,Evangelica Tradiconal Menonita,,,,,,,
,,29,Evangelica Tradiconal não determinada,,,,,,,
,,30,Evangelica Tradiconal outras,,,,,,,
,,31,Evangelica Pentecostal Assembleia de Deus,,,,,,,
,,32,Evangelica Pentecostal Congregação Cristã do Brasil,,,,,,,
,,33,Evangelica Pentecostal O Brasil para Cristo,,,,,,,
,,34,Evangelica Pentecostal Evangelho Quadrangular,,,,,,,
,,35,Evangelica Pentecostal Universal do Reino de Deus,,,,,,,
,,36,Evangelica Pentecostal Casa da Benção,,,,,,,
,,37,Evangelica Pentecostal Casa da Oração,,,,,,,
,,38,Evangelica Pentecostal Deus é Amor,,,,,,,
,,39,Evangelica Pentecostal Maranata,,,,,,,
,,40,Evangelica Pentecostal Tradicional Renovada,,,,,,,
,,41,Evangelica Pentecostal não determinada,,,,,,,
,,45,Evangelica Pentecostal Outras,,,,,,,
,,49,Evangelica não determinada,,,,,,,
,,51,Neo-Cristã Normon,,,,,,,
,,52,Neo-Cristã Testemunha de Jeova,,,,,,,
,,53,Neo-Cristã LBV,,,,,,,
,,59,Neo-Cristã outra,,,,,,,
,,61,Mediunica Espirita,,,,,,,
,,62,Mediunica Umbandista,,,,,,,
,,63,Mediunica candobleccista,,,,,,,
,,71,Judaica ou Israelita,,,,,,,
,,75,Oriental budista,,,,,,,
,,76,Oriental Messianica,,,,,,,
,,77,Oriental Seicho No-Ie,,,,,,,
,,79,Oriental outras,,,,,,,
,,81,Outras - Islamismo,,,,,,,
,,82,Outras - Esoterica,,,,,,,
,,83,Outras - Indigena,,,,,,,
,,84,Outras - grupo minoritarios,,,,,,,
,,85,não determinada ou mal definidas - Cristã,,,,,,,
,,86,não determinada ou mal definidas - Crente,,,,,,,
,,89,não determinada ou mal definidas - Outras,,,,,,,
,,99,Sem declaracao,,,,,,,
11.65,ROUTOCUF,Faixa renda outras ocupacoes,INTEGER,,,1,15,,0,0
,,Categorías,,,,,,,,
,,1,"Ate 0,25 salario minimo",,,,,,,
,,2,"Mais de 0,25 a 0,5 salario minimo",,,,,,,
,,3,"Mais de 0,5 a 0,75 salário mínimo",,,,,,,
,,4,"Mais de 0,75 a 1 salário mínimo",,,,,,,
,,5,"Mais de 1 a 1,25 salarios minimos",,,,,,,
,,6,"Mais de 1,25 a 1,5 salarios minimos",,,,,,,
,,7,"Mais de 1,5 a 2 salarios minimos",,,,,,,
,,8,Mais de 2 a 3 salarios minimos,,,,,,,
,,9,Mais de 3 a 5 salarios minimos,,,,,,,
,,10,Mais de 5 a 10 salarios minimos,,,,,,,
,,11,Mais de 10 a 15 salarios minimos,,,,,,,
,,12,Mais de 15 a 20 salarios minimos,,,,,,,
,,13,Maos de 20 salarios minimos,,,,,,,
,,14,Sem rendimento,,,,,,,
,,15,Sem declaracao,,,,,,,
,,0,NSA,,,,,,,
11.66,ROUTOCUV,Rend bruto outras ocupacoes,INTEGER,,,0,9999999,,9999998,0
,,Categorías,,,,,,,,
,,9999998,NSA,,,,,,,
,,9999999,Ignorado,,,,,,,
11.67,ROUTRENF,Faixa outros rendimentos,INTEGER,,,1,15,,0,0
,,Categorías,,,,,,,,
,,1,"Ate 0,25 salario minimo",,,,,,,
,,2,"Mais de 0,25 a 0,5 salario minimo",,,,,,,
Mais de ,,3,"Mais de 0,5 a 0,75 salário mínimo",,,,,,,
,,4,"Mais de 0,75 a 1 salário mínimo",,,,,,,
,,5,"Mais de 1 a 1,25 salarios minimos",,,,,,,
,,6,"Mais de 1,25 a 1,5 salarios minimos",,,,,,,
,,7,"Mais de 1,5 a 2 salarios minimos",,,,,,,
,,8,Mais de 2 a 3 salarios minimos,,,,,,,
,,9,Mais de 3 a 5 salarios minimos,,,,,,,
,,10,Mais de 5 a 10 salarios minimos,,,,,,,
,,11,Mais de 10 a 15 salarios minimos,,,,,,,
,,12,Mais de 15 a 20 salarios minimos,,,,,,,
,,13,Mais de 20 salarios minimos,,,,,,,
,,14,Sem rendimento,,,,,,,
,,15,Sem declaracao,,,,,,,
,,0,NSA,,,,,,,
11.68,ROUTRENV,Valor outros rendimentos,INTEGER,,,0,9999999,,9999998,0
,,Categorías,,,,,,,,
,,9999998,NSA,,,,,,,
,,9999999,Ignorado,,,,,,,
11.69,RPRINCIF,Faixa renda ocupação principal,INTEGER,,,1,15,,0,0
,,Categorías,,,,,,,,
,,1,"Ate 0,25 salario minimo",,,,,,,
,,2,"Mais de 0,25 a 0,5 salario minimo",,,,,,,
,,3,"Mais de 0,5 a 0,75 salário mínimo",,,,,,,
,,4,"Mais de 0,75 a 1 salário mínimo",,,,,,,
,,5,"Mais de 1 a 1,25 salarios minimos",,,,,,,
,,6,"Mais de 1,25 a 1,5 salarios minimos",,,,,,,
,,7,"Mais de 1,5 a 2 salarios minimos",,,,,,,
,,8,Mais de 2 a 3 salarios minimos,,,,,,,
,,9,Mais de 3 a 5 salarios minimos,,,,,,,
,,10,Mais de 5 a 10 salarios minimos,,,,,,,
,,11,Mais de 10 a 15 salarios minimos,,,,,,,
,,12,Mais de 15 a 20 salarios minimos,,,,,,,
,,13,Mais de 20 salarios minimos,,,,,,,
,,14,Sem rendimento,,,,,,,
,,15,Sem declaracao,,,,,,,
,,0,NSA,,,,,,,
11.70,RPRINCIV,Rendimento bruto ocupacao principal,INTEGER,,,0,9999999,,9999998,0
,,Categorías,,,,,,,,
,,9999998,NSA,,,,,,,
,,9999999,Ignorado,,,,,,,
11.71,RTONOMIF,Faixa renda total nominal,INTEGER,,,1,15,,0,0
,,Categorías,,,,,,,,
,,1,"Ate 0,25 salario minimo",,,,,,,
,,2,"Mais de 0,25 a 0,5 salario minimo",,,,,,,
,,3,"Mais de 0,5 a 0,75 salário mínimo",,,,,,,
,,4,"Mais de 0,75 a 1 salário mínimo",,,,,,,
,,5,"Mais de 1 a 1,25 salarios minimos",,,,,,,
,,6,"Mais de 1,25 a 1,5 salarios minimos",,,,,,,
,,7,"Mais de 1,5 a 2 salarios minimos",,,,,,,
,,8,Mais de 2 a 3 salarios minimos,,,,,,,
,,9,Mais de 3 a 5 salarios minimos,,,,,,,
,,10,Mais de 5 a 10 salarios minimos,,,,,,,
,,11,Mais de 10 a 15 salarios minimos,,,,,,,
,,12,Mais de 15 a 20 salarios minimos,,,,,,,
,,13,Mais de 20 salarios minimos,,,,,,,
,,14,Sem rendimento,,,,,,,
,,15,Sem declaracao,,,,,,,
,,0,NSA,,,,,,,
11.72,RTOREALF,Faixa renda real pessoal,INTEGER,,,1,15,,0,0
,,Categorías,,,,,,,,
,,1,"Ate 0,25 salario minimo",,,,,,,
,,2,"Mais de 0,25 a 0,5 salario minimo",,,,,,,
,,3,"Mais de 0,5 a 0,75 salário mínimo",,,,,,,
,,4,"Mais de 0,75 a 1 salário mínimo",,,,,,,
,,5,"Mais de 1 a 1,25 salarios minimos",,,,,,,
,,6,"Mais de 1,25 a 1,5 salarios minimos",,,,,,,
,,7,"Mais de 1,5 a 2 salarios minimos",,,,,,,
,,8,Mais de 2 a 3 salarios minimos,,,,,,,
,,9,Mais de 3 a 5 salarios minimos,,,,,,,
,,10,Mais de 5 a 10 salarios minimos,,,,,,,
,,11,Mais de 10 a 15 salarios minimos,,,,,,,
,,12,Mais de 15 a 20 salarios minimos,,,,,,,
,,13,Mais de 20 salarios minimos,,,,,,,
,,14,Sem rendimento,,,,,,,
,,15,Sem declaracao,,,,,,,
,,0,NSA,,,,,,,
11.73,RTOTALPV,Renda total,INTEGER,,,0,99999999,,99999998,0
,,Categorías,,,,,,,,
,,99999998,NSA,,,,,,,
,,99999999,Ignorado,,,,,,,
11.74,SCATUAL,Situacao conjugal atual,INTEGER,,,1,5,,0,0
,,Categorías,,,,,,,,
,,1,Casado em 1ªuniao,,,,,,,
,,2,Casado outra uniao,,,,,,,
,,3,Casada com numero de uniões ignorado,,,,,,,
,,4,"Separado, divorciada, desquitada ou viuvo",,,,,,,
,,5,Solteiro,,,,,,,
,,0,NSA,,,,,,,
11.75,SCDURASC,Duracao sit. conjugal atual,INTEGER,,,0,99,,100,100
,,Categorías,,,,,,,,
,,99,Ignorado,,,,,,,
,,100,NSA,,,,,,,
11.76,SCID1UNI,Idade ao contrair 1ªuniao,INTEGER,,,10,99,,0,0
,,Categorías,,,,,,,,
,,99,Ignorada/Nao lembra,,,,,,,
,,0,NSA,,,,,,,
11.77,SCIDISCA,Idade inicio sit.conj.atual,INTEGER,,,10,99,,0,0
,,Categorías,,,,,,,,
,,99,Ignorada/Nao lembra,,,,,,,
,,0,NSA,,,,,,,
11.78,SCNAOUNI,Nao vive com conjuge,INTEGER,,,5,9,,0,0
,,Categorías,,,,,,,,
,,5,Separado não judicialmente,,,,,,,
,,6,Desquitado ou separado judicialmente,,,,,,,
,,7,Divorciado(a),,,,,,,
,,8,Viuvo(a),,,,,,,
,,9,Ignorado,,,,,,,
,,0,NSA,,,,,,,
11.79,SCNATUNI,Natureza da uniao,INTEGER,,,1,9,,0,0
,,Categorías,,,,,,,,
,,1,Casamento civil e religioso,,,,,,,
,,2,So casamento civil,,,,,,,
,,3,So casamento religioso,,,,,,,
,,4,Uniao consensual,,,,,,,
,,9,Ignorado,,,,,,,
,,0,NSA,,,,,,,
11.80,SCVIVCON,Vive ou viveu com conjuge,INTEGER,,,1,2,,0,0
,,Categorías,,,,,,,,
,,1,Sim,,,,,,,
,,2,Nao,,,,,,,
,,0,NSA,,,,,,,
11.81,SEXO,Sexo,INTEGER,,,1,2,,0,0
,,Categorías,,,,,,,,
,,1,Masculino,,,,,,,
,,2,Feminino,,,,,,,
11.82,SITDESO,Situacao desocupado,INTEGER,,,0,9,,10,10
,,Categorías,,,,,,,,
,,0,Sem ocupacao,,,,,,,
,,1,Procurando trabalho - ja trabalhou,,,,,,,
,,2,Procurando trabalho - nunca trabalhou,,,,,,,
,,3,Aposentado,,,,,,,
,,4,Pensionista,,,,,,,
,,5,Vive de rendas,,,,,,,
,,6,Detento,,,,,,,
,,7,Estudante,,,,,,,
,,8,Doente ou invalido,,,,,,,
,,9,Afazeres domesticos,,,,,,,
,,10,NSA,,,,,,,
11.83,TRUL12M,Trabalhou ultimos 12 meses,INTEGER,,,1,3,,0,0
,,Categorías,,,,,,,,
,,1,Habitualmente,,,,,,,
,,2,Eventualmente,,,,,,,
,,3,Nao trabalhou,,,,,,,
,,0,NSA,,,,,,,
11.84,UVIVIDAD,Idade calculada do ult.filho nasc.vivo,INTEGER,,,0,99,,100,100
,,Categorías,,,,,,,,
,,0,Menos 1 ano,,,,,,,
,,99,Ignorado,,,,,,,
,,100,NSA,,,,,,,
11.85,UVIVIDTP,Tipo idade ult.filho nasc vivo,INTEGER,,,1,9,,0,0
,,Categorías,,,,,,,,
,,1,Idade presumida,,,,,,,
,,2,Idade declarada,,,,,,,
,,9,Idade ignorada,,,,,,,
,,0,NSA,,,,,,,
11.86,UVIVSEXO,Sexo ultimo filho nascido vivo,INTEGER,,,1,9,,0,0
,,Categorías,,,,,,,,
,,1,Homem,,,,,,,
,,2,Mulher,,,,,,,
,,7,Nao teve,,,,,,,
,,9,Ignorado,,,,,,,
,,0,NSA,,,,,,,
